Workbook

Sheet Task Assignment
A1: ZOO MANAGEMENT SYSTEM - PHÂN CHIA CÔNG VIỆC NHÓM 1
A2: Mỗi dòng là một task độc lập. Thành viên cập nhật Status theo tiến độ thực tế.
A3: STT | B3: Thành viên | C3: Module | D3: Phân loại | E3: Đầu việc chi tiết | F3: API / Backend liên quan | G3: Database / Collection | H3: Status
A4: 1 | B4: Nguyên | C4: User Experience, Authentication & Ticket Booking | D4: Frontend | E4: Làm màn hình Login | F4: POST /api/auth/login | G4: User | H4: Not Started
A5: 2 | B5: Nguyên | C5: User Experience, Authentication & Ticket Booking | D5: Frontend | E5: Làm màn hình Register | F5: POST /api/auth/register | G5: User | H5: Not Started
A6: 3 | B6: Nguyên | C6: User Experience, Authentication & Ticket Booking | D6: Frontend | E6: Làm Home hiển thị khu vực, động vật và dịch vụ nổi bật | F6: GET /api/areas; GET /api/animals; GET /api/services | G6: ZooArea, Animal, Service | H6: Not Started
A7: 4 | B7: Nguyên | C7: User Experience, Authentication & Ticket Booking | D7: Frontend | E7: Làm màn hình danh sách và chi tiết khu vực sở thú | F7: GET /api/areas; GET /api/areas/:id | G7: ZooArea | H7: Not Started
A8: 5 | B8: Nguyên | C8: User Experience, Authentication & Ticket Booking | D8: Frontend | E8: Hiển thị danh sách động vật theo khu vực và Animal Detail | F8: GET /api/areas/:id/animals; GET /api/animals/:id | G8: Animal, ZooArea | H8: Not Started
A9: 6 | B9: Nguyên | C9: User Experience, Authentication & Ticket Booking | D9: Frontend | E9: Làm màn hình đặt vé và nhập thông tin booking | F9: POST /api/tickets | G9: Ticket, Booking | H9: Not Started
A10: 7 | B10: Nguyên | C10: User Experience, Authentication & Ticket Booking | D10: Frontend | E10: Làm màn hình xác nhận kết quả đặt vé | F10: GET /api/tickets/:id | G10: Ticket, Booking | H10: Not Started
A11: 8 | B11: Nguyên | C11: User Experience, Authentication & Ticket Booking | D11: Frontend | E11: Làm My Tickets và xem chi tiết vé | F11: GET /api/tickets/my-tickets; GET /api/tickets/:id | G11: Ticket | H11: Not Started
A12: 9 | B12: Nguyên | C12: User Experience, Authentication & Ticket Booking | D12: Frontend | E12: Làm Profile và cập nhật thông tin cá nhân | F12: GET /api/users/profile; PUT /api/users/profile | G12: User | H12: Not Started
A13: 10 | B13: Nguyên | C13: User Experience, Authentication & Ticket Booking | D13: Backend | E13: Xây dựng API đăng ký và đăng nhập | F13: POST /api/auth/register; POST /api/auth/login | G13: User | H13: Not Started
A14: 11 | B14: Nguyên | C14: User Experience, Authentication & Ticket Booking | D14: Backend | E14: Xây dựng JWT Authentication Middleware và kiểm tra User đăng nhập | F14: GET /api/auth/me | G14: User | H14: Not Started
A15: 12 | B15: Nguyên | C15: User Experience, Authentication & Ticket Booking | D15: Backend | E15: Xây dựng API lấy và cập nhật User Profile | F15: GET /api/users/profile; PUT /api/users/profile | G15: User | H15: Not Started
... A78: 75 | B78: Mạnh | C78: Zoo Area, Animal & Service Management | D78: Backend | E78: Xây dựng CRUD và status API cho Zoo Service | F78: GET /api/services; POST /api/services; PUT /api/services/:id; DELETE /api/services/:id | G78: Service | H78: Not Started

Sheet Summary
A1: ZOO MANAGEMENT SYSTEM - PROJECT SUMMARY
A3: KPI | B3: Giá trị
A4: Tổng số task | B4: =COUNTA('Task Assignment'!$A$4:$A$66) -> 63
A5: Task hoàn thành | B5: =COUNTIF('Task Assignment'!$H$4:$H$66,"Completed") -> 0
A6: Tiến độ toàn nhóm | B6: =IFERROR(B5/B4,0) -> 0
A8: Thành viên | B8: Tổng task | C8: Not Started | D8: In Progress | E8: Testing | F8: Completed | H8: Thành viên | I8: Tiến độ
A9: Nguyên | B9: =COUNTIF('Task Assignment'!$B$4:$B$66,A9) -> 15 | C9: =COUNTIFS('Task Assignment'!$B$4:$B$66,A9,'Task Assignment'!$H$4:$H$66,"Not Started") -> 15 | D9: =COUNTIFS('Task Assignment'!$B$4:$B$66,A9,'Task Assignment'!$H$4:$H$66,"In Progress") -> 0 | E9: =COUNTIFS('Task Assignment'!$B$4:$B$66,A9,'Task Assignment'!$H$4:$H$66,"Testing") -> 0 | F9: =COUNTIFS('Task Assignment'!$B$4:$B$66,A9,'Task Assignment'!$H$4:$H$66,"Completed") -> 0 | H9: Nguyên | I9: =IFERROR(F9/B9,0) -> 0
A10: Duy | B10: =COUNTIF('Task Assignment'!$B$4:$B$66,A10) -> 15 | C10: =COUNTIFS('Task Assignment'!$B$4:$B$66,A10,'Task Assignment'!$H$4:$H$66,"Not Started") -> 15 | D10: =COUNTIFS('Task Assignment'!$B$4:$B$66,A10,'Task Assignment'!$H$4:$H$66,"In Progress") -> 0 | E10: =COUNTIFS('Task Assignment'!$B$4:$B$66,A10,'Task Assignment'!$H$4:$H$66,"Testing") -> 0 | F10: =COUNTIFS('Task Assignment'!$B$4:$B$66,A10,'Task Assignment'!$H$4:$H$66,"Completed") -> 0 | H10: Duy | I10: =IFERROR(F10/B10,0) -> 0
A11: Ngọc | B11: =COUNTIF('Task Assignment'!$B$4:$B$66,A11) -> 15 | C11: =COUNTIFS('Task Assignment'!$B$4:$B$66,A11,'Task Assignment'!$H$4:$H$66,"Not Started") -> 15 | D11: =COUNTIFS('Task Assignment'!$B$4:$B$66,A11,'Task Assignment'!$H$4:$H$66,"In Progress") -> 0 | E11: =COUNTIFS('Task Assignment'!$B$4:$B$66,A11,'Task Assignment'!$H$4:$H$66,"Testing") -> 0 | F11: =COUNTIFS('Task Assignment'!$B$4:$B$66,A11,'Task Assignment'!$H$4:$H$66,"Completed") -> 0 | H11: Ngọc | I11: =IFERROR(F11/B11,0) -> 0
A12: Sơn | B12: =COUNTIF('Task Assignment'!$B$4:$B$66,A12) -> 15 | C12: =COUNTIFS('Task Assignment'!$B$4:$B$66,A12,'Task Assignment'!$H$4:$H$66,"Not Started") -> 15 | D12: =COUNTIFS('Task Assignment'!$B$4:$B$66,A12,'Task Assignment'!$H$4:$H$66,"In Progress") -> 0 | E12: =COUNTIFS('Task Assignment'!$B$4:$B$66,A12,'Task Assignment'!$H$4:$H$66,"Testing") -> 0 | F12: =COUNTIFS('Task Assignment'!$B$4:$B$66,A12,'Task Assignment'!$H$4:$H$66,"Completed") -> 0 | H12: Sơn | I12: =IFERROR(F12/B12,0) -> 0
A13: Mạnh | B13: =COUNTIF('Task Assignment'!$B$4:$B$66,A13) -> 3 | C13: =COUNTIFS('Task Assignment'!$B$4:$B$66,A13,'Task Assignment'!$H$4:$H$66,"Not Started") -> 3 | D13: =COUNTIFS('Task Assignment'!$B$4:$B$66,A13,'Task Assignment'!$H$4:$H$66,"In Progress") -> 0 | E13: =COUNTIFS('Task Assignment'!$B$4:$B$66,A13,'Task Assignment'!$H$4:$H$66,"Testing") -> 0 | F13: =COUNTIFS('Task Assignment'!$B$4:$B$66,A13,'Task Assignment'!$H$4:$H$66,"Completed") -> 0 | H13: Mạnh | I13: =IFERROR(F13/B13,0) -> 0
